{"batch_size": 64, "input_dim": 7056, "output_dim": 4, "depth": 7, "lmbda": 0.1, "root": ".", "epochs": 70, "no_cuda": false, "seed": 1, "cuda_deterministic": false, "log_interval": 20, "save": "./", "tensorboard": false, "dataset": "mnist", "augmentation_on": true, "cuda": false, "device": "cpu", "time": 0.0, "counter": 2940, "train_nodes": [], "train_loss": [], "train_best_loss": 0.0280216783285141, "train_epoch_loss": [0.0280216783285141, 0.02852788381278515, 0.028502484783530235, 0.02848079241812229, 0.02846338413655758, 0.028445914387702942, 0.02843054011464119, 0.02841632440686226, 0.0284014493227005, 0.028389157727360725, 0.028377089649438858, 0.02836575359106064, 0.028354931622743607, 0.028344716876745224, 0.028335342183709145, 0.02832617238163948, 0.028317995369434357, 0.028309624642133713, 0.02830294519662857, 0.028295956552028656, 0.02828918769955635, 0.02828332781791687, 0.02827787771821022, 0.02827293425798416, 0.028268609195947647, 0.028263837099075317, 0.028260167688131332, 0.028256021440029144, 0.028252867981791496, 0.028250180184841156, 0.02824717015028, 0.028244448825716972, 0.02824237011373043, 0.028240466490387917, 0.028238318860530853, 0.028236547484993935, 0.0282356608659029, 0.02823430486023426, 0.0282322745770216, 0.02823144942522049, 0.028230223804712296, 0.028229612857103348, 0.028228551149368286, 0.02822808548808098, 0.0282275453209877, 0.0282269399613142, 0.028226226568222046, 0.02822618931531906, 0.028225811198353767, 0.02822457253932953, 0.02822433039546013, 0.028224142268300056, 0.028223859146237373, 0.028223825618624687, 0.028223475441336632, 0.028223225846886635, 0.028223149478435516, 0.02822328917682171, 0.02822348102927208, 0.028222769498825073, 0.02822294272482395, 0.02822255529463291, 0.02822262980043888, 0.028222449123859406, 0.0282228235155344, 0.02822236903011799, 0.02822248265147209, 0.028222335502505302, 0.028222499415278435, 0.02822195179760456], "train_epoch_accuracy": [0.25, 0.08333333333333333, 0.13020833333333334, 0.09375, 0.08854166666666667, 0.125, 0.3697916666666667, 0.328125, 0.3645833333333333, 0.3229166666666667, 0.3958333333333333, 0.3020833333333333, 0.359375, 0.3854166666666667, 0.3697916666666667, 0.3697916666666667, 0.359375, 0.3177083333333333, 0.328125, 0.40625, 0.390625, 0.3541666666666667, 0.3645833333333333, 0.3020833333333333, 0.2760416666666667, 0.3541666666666667, 0.3489583333333333, 0.3177083333333333, 0.375, 0.3489583333333333, 0.3854166666666667, 0.3854166666666667, 0.3229166666666667, 0.3333333333333333, 0.2864583333333333, 0.3125, 0.375, 0.2552083333333333, 0.3385416666666667, 0.3541666666666667, 0.3541666666666667, 0.3125, 0.4010416666666667, 0.3125, 0.3489583333333333, 0.3385416666666667, 0.296875, 0.3125, 0.3125, 0.3645833333333333, 0.328125, 0.3020833333333333, 0.3645833333333333, 0.3802083333333333, 0.3802083333333333, 0.3385416666666667, 0.3177083333333333, 0.3489583333333333, 0.3333333333333333, 0.2916666666666667, 0.3125, 0.3489583333333333, 0.3385416666666667, 0.3489583333333333, 0.3489583333333333, 0.390625, 0.3489583333333333, 0.3177083333333333, 0.4010416666666667, 0.4010416666666667], "valid_nodes": [], "valid_best_loss_nodes": [], "valid_best_loss_nodes_split": [], "valid_best_loss_nodes_ext": [], "valid_best_root_nosplit": Infinity, "valid_best_loss": Infinity, "valid_best_accuracy": 0.0, "valid_epoch_loss": [], "valid_epoch_accuracy": [], "test_best_loss": Infinity, "test_best_accuracy": 36.2856559753418, "test_epoch_loss": [36.69575500488281, 36.66144943237305, 36.631248474121094, 36.606658935546875, 36.58424377441406, 36.56277084350586, 36.543487548828125, 36.52547073364258, 36.508384704589844, 36.49253463745117, 36.47764205932617, 36.46266174316406, 36.449684143066406, 36.43681716918945, 36.42470169067383, 36.414337158203125, 36.403099060058594, 36.39337158203125, 36.384483337402344, 36.37559127807617, 36.36824417114258, 36.360172271728516, 36.35437774658203, 36.34749221801758, 36.34153747558594, 36.33690643310547, 36.33184051513672, 36.32693862915039, 36.323455810546875, 36.319576263427734, 36.316192626953125, 36.31316375732422, 36.31045150756836, 36.30813217163086, 36.305885314941406, 36.30352783203125, 36.30131912231445, 36.29982376098633, 36.29866409301758, 36.29694747924805, 36.296024322509766, 36.29492950439453, 36.29370880126953, 36.29325485229492, 36.29143524169922, 36.29157257080078, 36.29112243652344, 36.29013442993164, 36.2894401550293, 36.28976058959961, 36.289390563964844, 36.28803634643555, 36.288082122802734, 36.287750244140625, 36.287532806396484, 36.2873649597168, 36.28707504272461, 36.2861442565918, 36.2870979309082, 36.28630065917969, 36.286739349365234, 36.28608322143555, 36.28594207763672, 36.28623580932617, 36.286277770996094, 36.28567123413086, 36.286460876464844, 36.286590576171875, 36.2856559753418, 36.28580093383789], "test_epoch_accuracy": [0.09963474025974026, 0.09963474025974026, 0.09963474025974026, 0.09946563852813853, 0.09980384199134198, 0.09946563852813853, 0.3438852813852814, 0.34405438311688313, 0.34422348484848486, 0.34405438311688313, 0.3437161796536796, 0.34405438311688313, 0.34405438311688313, 0.34405438311688313, 0.34422348484848486, 0.34337797619047616, 0.34473079004329005, 0.34473079004329005, 0.34405438311688313, 0.34473079004329005, 0.34354707792207795, 0.34523809523809523, 0.34303977272727276, 0.3445616883116883, 0.3448998917748918, 0.34320887445887444, 0.34422348484848486, 0.34422348484848486, 0.34405438311688313, 0.3443925865800866, 0.3437161796536796, 0.34422348484848486, 0.34405438311688313, 0.34337797619047616, 0.34354707792207795, 0.34422348484848486, 0.3450689935064935, 0.3437161796536796, 0.3438852813852814, 0.34405438311688313, 0.3437161796536796, 0.34473079004329005, 0.34473079004329005, 0.34422348484848486, 0.3450689935064935, 0.3437161796536796, 0.3437161796536796, 0.34337797619047616, 0.3443925865800866, 0.342870670995671, 0.34320887445887444, 0.35832656926406925, 0.3579883658008658, 0.3573119588744589, 0.3579883658008658, 0.358495670995671, 0.35714285714285715, 0.35900297619047616, 0.35765016233766234, 0.3581574675324675, 0.3574810606060606, 0.3579883658008658, 0.35866477272727276, 0.358495670995671, 0.35781926406926406, 0.35765016233766234, 0.3568046536796537, 0.35714285714285715, 0.3579883658008658, 0.35832656926406925]}