{"batch_size": 64, "input_dim": 7056, "output_dim": 4, "depth": 7, "lmbda": 0.1, "root": ".", "epochs": 20, "no_cuda": false, "seed": 1, "cuda_deterministic": false, "log_interval": 20, "save": "./result", "tensorboard": false, "cuda": false, "device": "cpu", "time": 0.0, "counter": 112, "train_nodes": [], "train_loss": [], "train_best_loss": 0.005294445436447859, "train_epoch_loss": [0.005294445436447859, 0.005406949669122696, 0.005370468832552433, 0.005375193431973457, 0.005379728507250547, 0.0053914999589324, 0.00537335267290473, 0.0053774528205394745, 0.0053721023723483086, 0.005375969689339399, 0.0053752209059894085, 0.005387053359299898, 0.005382230505347252, 0.005385617725551128], "train_epoch_accuracy": [0.265625, 0.265625, 0.296875, 0.234375, 0.21875, 0.203125, 0.265625, 0.234375, 0.21875, 0.15625, 0.296875, 0.328125, 0.25, 0.15625], "valid_nodes": [], "valid_best_loss_nodes": [], "valid_best_loss_nodes_split": [], "valid_best_loss_nodes_ext": [], "valid_best_root_nosplit": Infinity, "valid_best_loss": Infinity, "valid_best_accuracy": 0.0, "valid_epoch_loss": [], "valid_epoch_accuracy": [], "test_best_loss": Infinity, "test_best_accuracy": 36.41642761230469, "test_epoch_loss": [36.44173812866211, 36.43937301635742, 36.43720245361328, 36.4354248046875, 36.433528900146484, 36.43147277832031, 36.42936325073242, 36.42742919921875, 36.42549133300781, 36.42369079589844, 36.42185592651367, 36.420013427734375, 36.418155670166016, 36.41642761230469], "test_epoch_accuracy": [0.34, 0.34, 0.34, 0.34, 0.34, 0.34, 0.34, 0.34, 0.34, 0.34, 0.34, 0.34, 0.34, 0.34]}